imgt_allele	Family	Allele_Cluster	new_allele	removed_duplicated	diff_pos_past_trim	thresh
IMGT#1#IGHV7-40D*01	1	1	IGHV_F1-G1*01	FALSE		1e-04
IMGT#1#IGHV7-40*04	1	1	IGHV_F1-G1*02	FALSE		1e-04
IGv2#1#IGHV7-40_03_P	1	1	IGHV_F1-G1*03	FALSE		1e-04
IMGT#1#IGHV7-40*03	1	1	IGHV_F1-G1*03	TRUE		1e-04
IMGT#1#IGHV7-34-1*04	2	2	IGHV_F2-G2*01	FALSE		1e-04
IMGT#1#IGHV7-34-1*03	2	2	IGHV_F2-G2*02	FALSE		1e-04
IMGT#1#IGHV7-34-1*01	2	2	IGHV_F2-G2*03	FALSE		1e-04
IMGT#1#IGHV7-34-1*02	2	2	IGHV_F2-G2*04	FALSE		1e-04
IMGT#1#IGHV7-81*01	2	3	IGHV_F2-G3*01	FALSE		1e-04
IMGT#1#IGHV7-4-1*03	2	4	IGHV_F2-G4*01	FALSE		1e-04
IMGT#1#IGHV7-4-1*01	2	4	IGHV_F2-G4*02	FALSE		1e-04
IMGT#1#IGHV7-4-1*02	2	4	IGHV_F2-G4*03	FALSE		1e-04
IMGT#1#IGHV7-4-1*04	2	4	IGHV_F2-G4*04	FALSE		1e-04
IMGT#1#IGHV7-4-1*05	2	4	IGHV_F2-G4*05	FALSE		1e-04
IMGT#1#IGHV2-10*01	3	5	IGHV_F3-G5*01	FALSE		1e-04
IMGT#1#IGHV2-10*02	3	5	IGHV_F3-G5*02	FALSE		1e-04
IMGT#1#IGHV2-26*04	3	6	IGHV_F3-G6*01	FALSE		1e-04
IMGT#1#IGHV2-26*05	3	6	IGHV_F3-G6*02	FALSE		1e-04
IMGT#1#IGHV2-26*03	3	6	IGHV_F3-G6*03	FALSE		1e-04
IMGT#1#IGHV2-26*01	3	6	IGHV_F3-G6*04	FALSE		1e-04
IMGT#1#IGHV2-26*02	3	6	IGHV_F3-G6*05	FALSE		1e-04
IMGT#1#IGHV2/OR16-23*01	3	7	IGHV_F3-G7*01	FALSE		1e-04
IMGT#1#IGHV2/OR16-5*01	3	7	IGHV_F3-G7*02	FALSE		1e-04
IMGT#1#IGHV2-5*08	3	8	IGHV_F3-G8*01	FALSE		1e-04
IMGT#1#IGHV2-5*06	3	8	IGHV_F3-G8*02	FALSE		1e-04
IMGT#1#IGHV2-5*05	3	8	IGHV_F3-G8*03	FALSE		1e-04
IMGT#1#IGHV2-5*09	3	8	IGHV_F3-G8*04	FALSE		1e-04
IMGT#1#IGHV2-5*04	3	8	IGHV_F3-G8*05	FALSE		1e-04
IMGT#1#IGHV2-5*03	3	8	IGHV_F3-G8*06	FALSE		1e-04
IMGT#1#IGHV2-5*01	3	8	IGHV_F3-G8*07	FALSE		1e-04
IMGT#1#IGHV2-5*02	3	8	IGHV_F3-G8*08	FALSE		1e-04
IMGT#1#IGHV2-70*09	3	9	IGHV_F3-G9*01	FALSE		1e-04
IMGT#1#IGHV2-70*12	3	9	IGHV_F3-G9*02	FALSE		1e-04
IMGT#1#IGHV2-70*03	3	9	IGHV_F3-G9*03	FALSE		1e-04
IMGT#1#IGHV2-70*06	3	9	IGHV_F3-G9*04	FALSE		1e-04
IMGT#1#IGHV2-70*16	3	9	IGHV_F3-G9*05	FALSE		1e-04
IMGT#1#IGHV2-70*10	3	9	IGHV_F3-G9*06	FALSE		1e-04
IGv2#1#IGHV2-70_05_F	3	9	IGHV_F3-G9*07	FALSE		1e-04
IMGT#1#IGHV2-70*05	3	9	IGHV_F3-G9*07	TRUE		1e-04
IMGT#1#IGHV2-70D*14	3	9	IGHV_F3-G9*08	FALSE		1e-04
IMGT#1#IGHV2-70*04	3	9	IGHV_F3-G9*09	FALSE		1e-04
IMGT#1#IGHV2-70D*04	3	9	IGHV_F3-G9*09	TRUE		1e-04
IMGT#1#IGHV2-70*08	3	9	IGHV_F3-G9*10	FALSE		1e-04
IMGT#1#IGHV2-70*02	3	9	IGHV_F3-G9*11	FALSE		1e-04
IMGT#1#IGHV2-70*07	3	9	IGHV_F3-G9*12	FALSE		1e-04
IMGT#1#IGHV2-70*01	3	9	IGHV_F3-G9*13	FALSE		1e-04
IMGT#1#IGHV2-70*13	3	9	IGHV_F3-G9*14	FALSE		1e-04
IMGT#1#IGHV2-70*17	3	9	IGHV_F3-G9*15	FALSE		1e-04
IMGT#1#IGHV2-70*11	3	9	IGHV_F3-G9*16	FALSE		1e-04
IMGT#1#IGHV2-70*15	3	9	IGHV_F3-G9*17	FALSE		1e-04
IMGT#1#IGHV2-70*18	3	9	IGHV_F3-G9*18	FALSE		1e-04
IMGT#1#IGHV2-70*19	3	9	IGHV_F3-G9*19	FALSE		1e-04
IMGT#1#IGHV2-70*20	3	9	IGHV_F3-G9*20	FALSE		1e-04
IMGT#1#IGHV6-1*03	4	10	IGHV_F4-G10*01	FALSE		1e-04
IMGT#1#IGHV6-1*01	4	10	IGHV_F4-G10*02	FALSE		1e-04
IMGT#1#IGHV6-1*02	4	10	IGHV_F4-G10*03	FALSE		1e-04
IMGT#1#IGHV4-34*04	5	11	IGHV_F5-G11*01	FALSE		1e-04
IMGT#1#IGHV4-34*05	5	11	IGHV_F5-G11*02	FALSE		1e-04
IMGT#1#IGHV4-34*07	5	11	IGHV_F5-G11*03	FALSE		1e-04
IMGT#1#IGHV4-34*03	5	11	IGHV_F5-G11*04	FALSE		1e-04
IMGT#1#IGHV4-34*06	5	11	IGHV_F5-G11*05	FALSE		1e-04
IMGT#1#IGHV4-34*13	5	11	IGHV_F5-G11*06	FALSE		1e-04
IMGT#1#IGHV4-34*01	5	11	IGHV_F5-G11*07	FALSE		1e-04
IMGT#1#IGHV4-34*02	5	11	IGHV_F5-G11*08	FALSE		1e-04
IMGT#1#IGHV4-34*08	5	11	IGHV_F5-G11*09	FALSE		1e-04
IMGT#1#IGHV4-34*12	5	11	IGHV_F5-G11*10	FALSE		1e-04
IMGT#1#IGHV4-34*09	5	12	IGHV_F5-G12*01	FALSE		1e-04
IMGT#1#IGHV4-34*10	5	12	IGHV_F5-G12*02	FALSE		1e-04
IMGT#1#IGHV4-59*06	5	13	IGHV_F5-G13*01	FALSE		1e-04
IMGT#1#IGHV4-59*04	5	14	IGHV_F5-G14*01	FALSE		1e-04
IMGT#1#IGHV4-59*05	5	14	IGHV_F5-G14*02	FALSE		1e-04
IMGT#1#IGHV4-59*07	5	15	IGHV_F5-G15*01	FALSE		1e-04
IMGT#1#IGHV4-59*09	5	15	IGHV_F5-G15*01	TRUE		1e-04
IMGT#1#IGHV4-59*03	5	15	IGHV_F5-G15*02	FALSE		1e-04
OGRDB#1#IGHV4-59*i03	5	15	IGHV_F5-G15*03	FALSE		1e-04
IMGT#1#IGHV4-59*13	5	15	IGHV_F5-G15*04	FALSE		1e-04
IMGT#1#IGHV4-59*12	5	15	IGHV_F5-G15*05	FALSE		1e-04
IMGT#1#IGHV4-59*11	5	15	IGHV_F5-G15*06	FALSE		1e-04
IMGT#1#IGHV4-59*01	5	15	IGHV_F5-G15*07	FALSE		1e-04
IMGT#1#IGHV4-59*02	5	15	IGHV_F5-G15*08	FALSE		1e-04
IMGT#1#IGHV4-61*12	5	15	IGHV_F5-G15*09	FALSE		1e-04
IMGT#1#IGHV4-4*08	5	15	IGHV_F5-G15*10	FALSE		1e-04
IMGT#1#IGHV4-4*09	5	15	IGHV_F5-G15*11	FALSE		1e-04
OGRDB#1#IGHV4-4*09	5	15	IGHV_F5-G15*11	TRUE		1e-04
IMGT#1#IGHV4-34*11	5	16	IGHV_F5-G16*01	FALSE		1e-04
IMGT#1#IGHV4-59*10	5	17	IGHV_F5-G17*01	FALSE		1e-04
IMGT#1#IGHV4-80*03	5	18	IGHV_F5-G18*01	FALSE		1e-04
IMGT#1#IGHV4-28*02	5	19	IGHV_F5-G19*01	FALSE		1e-04
IMGT#1#IGHV4-28*06	5	19	IGHV_F5-G19*02	FALSE		1e-04
IMGT#1#IGHV4-28*04	5	19	IGHV_F5-G19*03	FALSE		1e-04
IMGT#1#IGHV4-28*07	5	19	IGHV_F5-G19*04	FALSE		1e-04
IMGT#1#IGHV4-28*05	5	19	IGHV_F5-G19*05	FALSE		1e-04
IMGT#1#IGHV4-28*01	5	19	IGHV_F5-G19*06	FALSE		1e-04
IMGT#1#IGHV4-28*03	5	19	IGHV_F5-G19*07	FALSE		1e-04
IMGT#1#IGHV4-55*07	5	20	IGHV_F5-G20*01	FALSE		1e-04
IMGT#1#IGHV4-55*09	5	20	IGHV_F5-G20*02	FALSE		1e-04
IMGT#1#IGHV4-55*06	5	20	IGHV_F5-G20*03	FALSE		1e-04
IMGT#1#IGHV4-55*04	5	20	IGHV_F5-G20*04	FALSE		1e-04
IMGT#1#IGHV4-55*05	5	20	IGHV_F5-G20*05	FALSE		1e-04
IMGT#1#IGHV4-55*01	5	20	IGHV_F5-G20*06	FALSE		1e-04
IMGT#1#IGHV4-55*02	5	20	IGHV_F5-G20*07	FALSE		1e-04
IMGT#1#IGHV4-55*03	5	20	IGHV_F5-G20*08	FALSE		1e-04
IMGT#1#IGHV4-55*08	5	20	IGHV_F5-G20*09	FALSE		1e-04
IMGT#1#IGHV4-4*06	5	21	IGHV_F5-G21*01	FALSE		1e-04
IMGT#1#IGHV4-4*02	5	21	IGHV_F5-G21*02	FALSE		1e-04
IMGT#1#IGHV4-4*10	5	21	IGHV_F5-G21*03	FALSE		1e-04
IMGT#1#IGHV4-4*05	5	21	IGHV_F5-G21*04	FALSE		1e-04
IMGT#1#IGHV4-4*04	5	21	IGHV_F5-G21*05	FALSE		1e-04
IMGT#1#IGHV4-4*01	5	21	IGHV_F5-G21*06	FALSE		1e-04
IMGT#1#IGHV4-4*03	5	21	IGHV_F5-G21*07	FALSE		1e-04
OGRDB#1#IGHV4-4*03	5	21	IGHV_F5-G21*07	TRUE		1e-04
IMGT#1#IGHV4/OR15-8*02	5	21	IGHV_F5-G21*08	FALSE		1e-04
IMGT#1#IGHV4/OR15-8*01	5	21	IGHV_F5-G21*09	FALSE		1e-04
IMGT#1#IGHV4/OR15-8*03	5	21	IGHV_F5-G21*10	FALSE		1e-04
IMGT#1#IGHV4-61*05	5	22	IGHV_F5-G22*01	FALSE		1e-04
IMGT#1#IGHV4-61*04	5	22	IGHV_F5-G22*02	FALSE		1e-04
IMGT#1#IGHV4-61*10	5	22	IGHV_F5-G22*03	FALSE		1e-04
OGRDB#1#IGHV4-61*10	5	22	IGHV_F5-G22*03	TRUE		1e-04
IMGT#1#IGHV4-61*06	5	22	IGHV_F5-G22*04	FALSE		1e-04
IMGT#1#IGHV4-61*07	5	22	IGHV_F5-G22*05	FALSE		1e-04
OGRDB#1#IGHV4-61*i04	5	22	IGHV_F5-G22*06	FALSE		1e-04
IMGT#1#IGHV4-61*08	5	22	IGHV_F5-G22*07	FALSE		1e-04
IMGT#1#IGHV4-61*01	5	22	IGHV_F5-G22*08	FALSE		1e-04
IMGT#1#IGHV4-61*03	5	22	IGHV_F5-G22*09	FALSE		1e-04
IMGT#1#IGHV4-61*09	5	23	IGHV_F5-G23*01	FALSE		1e-04
IMGT#1#IGHV4-61*02	5	23	IGHV_F5-G23*02	FALSE		1e-04
IMGT#1#IGHV4-61*11	5	23	IGHV_F5-G23*03	FALSE		1e-04
IMGT#1#IGHV4-4*07	5	23	IGHV_F5-G23*04	FALSE		1e-04
IMGT#1#IGHV4-4*12	5	23	IGHV_F5-G23*05	FALSE		1e-04
IMGT#1#IGHV4-38-2*02	5	24	IGHV_F5-G24*01	FALSE		1e-04
IMGT#1#IGHV4-38-2*01	5	24	IGHV_F5-G24*02	FALSE		1e-04
OGRDB#1#IGHV4-38-2*01	5	24	IGHV_F5-G24*02	TRUE		1e-04
IMGT#1#IGHV4-39*06	5	25	IGHV_F5-G25*01	FALSE		1e-04
IMGT#1#IGHV4-39*07	5	25	IGHV_F5-G25*02	FALSE		1e-04
IMGT#1#IGHV4-39*09	5	25	IGHV_F5-G25*03	FALSE		1e-04
IMGT#1#IGHV4-39*02	5	25	IGHV_F5-G25*04	FALSE		1e-04
IMGT#1#IGHV4-39*03	5	25	IGHV_F5-G25*05	FALSE		1e-04
OGRDB#1#IGHV4-39*i03	5	25	IGHV_F5-G25*06	FALSE		1e-04
IMGT#1#IGHV4-39*05	5	25	IGHV_F5-G25*07	FALSE		1e-04
IMGT#1#IGHV4-39*04	5	25	IGHV_F5-G25*08	FALSE		1e-04
IMGT#1#IGHV4-39*01	5	25	IGHV_F5-G25*09	FALSE		1e-04
IMGT#1#IGHV4-39*08	5	25	IGHV_F5-G25*10	FALSE		1e-04
IMGT#1#IGHV4-30-2*03	5	26	IGHV_F5-G26*01	FALSE		1e-04
IMGT#1#IGHV4-30-4*07	5	26	IGHV_F5-G26*02	FALSE		1e-04
IMGT#1#IGHV4-30-2*02	5	26	IGHV_F5-G26*03	FALSE		1e-04
IMGT#1#IGHV4-30-2*01	5	26	IGHV_F5-G26*04	FALSE		1e-04
IMGT#1#IGHV4-30-2*06	5	26	IGHV_F5-G26*05	FALSE		1e-04
IMGT#1#IGHV4-30-2*04	5	26	IGHV_F5-G26*06	FALSE		1e-04
IMGT#1#IGHV4-30-2*05	5	26	IGHV_F5-G26*07	FALSE		1e-04
IMGT#1#IGHV4-30-4*02	5	27	IGHV_F5-G27*01	FALSE		1e-04
IMGT#1#IGHV4-30-4*05	5	27	IGHV_F5-G27*02	FALSE		1e-04
IMGT#1#IGHV4-30-4*06	5	27	IGHV_F5-G27*03	FALSE		1e-04
OGRDB#1#IGHV4-30-4*i02	5	27	IGHV_F5-G27*04	FALSE		1e-04
IMGT#1#IGHV4-30-4*04	5	27	IGHV_F5-G27*05	FALSE		1e-04
IMGT#1#IGHV4-30-4*03	5	27	IGHV_F5-G27*06	FALSE		1e-04
IMGT#1#IGHV4-30-4*01	5	27	IGHV_F5-G27*07	FALSE		1e-04
IMGT#1#IGHV4-30-4*08	5	27	IGHV_F5-G27*08	FALSE		1e-04
OGRDB#1#IGHV4-30-4*08	5	27	IGHV_F5-G27*08	TRUE		1e-04
IMGT#1#IGHV4-31*10	5	27	IGHV_F5-G27*09	FALSE		1e-04
IMGT#1#IGHV4-31*05	5	27	IGHV_F5-G27*10	FALSE		1e-04
IMGT#1#IGHV4-31*09	5	27	IGHV_F5-G27*11	FALSE		1e-04
IMGT#1#IGHV4-31*08	5	27	IGHV_F5-G27*12	FALSE		1e-04
IMGT#1#IGHV4-31*13	5	27	IGHV_F5-G27*13	FALSE		1e-04
IMGT#1#IGHV4-31*07	5	27	IGHV_F5-G27*14	FALSE		1e-04
IMGT#1#IGHV4-31*06	5	27	IGHV_F5-G27*15	FALSE		1e-04
IMGT#1#IGHV4-31*04	5	27	IGHV_F5-G27*16	FALSE		1e-04
IMGT#1#IGHV4-31*11	5	27	IGHV_F5-G27*17	FALSE		1e-04
IMGT#1#IGHV4-31*02	5	27	IGHV_F5-G27*18	FALSE		1e-04
IMGT#1#IGHV4-31*01	5	27	IGHV_F5-G27*19	FALSE		1e-04
IMGT#1#IGHV4-30-4*09	5	27	IGHV_F5-G27*20	FALSE		1e-04
IMGT#1#IGHV4-31*03	5	27	IGHV_F5-G27*20	TRUE		1e-04
IMGT#1#IGHV5-78*01	6	28	IGHV_F6-G28*01	FALSE		1e-04
IMGT#1#IGHV5-10-1*02	6	29	IGHV_F6-G29*01	FALSE		1e-04
IMGT#1#IGHV5-10-1*04	6	29	IGHV_F6-G29*02	FALSE		1e-04
IGv2#1#IGHV5-10-1_01_F	6	29	IGHV_F6-G29*03	FALSE		1e-04
IMGT#1#IGHV5-10-1*01	6	29	IGHV_F6-G29*03	TRUE		1e-04
IGv2#1#IGHV5-10-1_03_F	6	29	IGHV_F6-G29*04	FALSE		1e-04
IMGT#1#IGHV5-10-1*03	6	29	IGHV_F6-G29*04	TRUE		1e-04
IMGT#1#IGHV5-51*02	6	30	IGHV_F6-G30*01	FALSE		1e-04
IMGT#1#IGHV5-51*06	6	30	IGHV_F6-G30*02	FALSE		1e-04
OGRDB#1#IGHV5-51*06	6	30	IGHV_F6-G30*02	TRUE		1e-04
IMGT#1#IGHV5-51*04	6	30	IGHV_F6-G30*03	FALSE		1e-04
IGv2#1#IGHV5-51_03_F	6	30	IGHV_F6-G30*04	FALSE		1e-04
IMGT#1#IGHV5-51*03	6	30	IGHV_F6-G30*04	TRUE		1e-04
IMGT#1#IGHV5-51*05	6	30	IGHV_F6-G30*05	FALSE		1e-04
IMGT#1#IGHV5-51*01	6	30	IGHV_F6-G30*06	FALSE		1e-04
IMGT#1#IGHV5-51*07	6	30	IGHV_F6-G30*07	FALSE		1e-04
IMGT#1#IGHV1-24*01	7	31	IGHV_F7-G31*01	FALSE		1e-04
IMGT#1#IGHV1-69-2*01	7	32	IGHV_F7-G32*01	FALSE		1e-04
IMGT#1#IGHV1-69-2*02	7	32	IGHV_F7-G32*02	FALSE		1e-04
IMGT#1#IGHV1/OR16-22*01	7	33	IGHV_F7-G33*01	FALSE		1e-04
IMGT#1#IGHV1/OR16-3*01	7	33	IGHV_F7-G33*02	FALSE		1e-04
IMGT#1#IGHV1/OR16-4*01	7	33	IGHV_F7-G33*03	FALSE		1e-04
IMGT#1#IGHV1-45*03	7	34	IGHV_F7-G34*01	FALSE		1e-04
IMGT#1#IGHV1-45*01	7	34	IGHV_F7-G34*02	FALSE		1e-04
IMGT#1#IGHV1-45*02	7	34	IGHV_F7-G34*03	FALSE		1e-04
IMGT#1#IGHV1-68*03	7	35	IGHV_F7-G35*01	FALSE		1e-04
IMGT#1#IGHV1-68*02	7	35	IGHV_F7-G35*02	FALSE		1e-04
IMGT#1#IGHV1-68D*02	7	35	IGHV_F7-G35*02	TRUE		1e-04
IMGT#1#IGHV1-68*01	7	35	IGHV_F7-G35*03	FALSE		1e-04
IMGT#1#IGHV1-68*04	7	35	IGHV_F7-G35*04	FALSE		1e-04
IMGT#1#IGHV1-38-4*01	7	36	IGHV_F7-G36*01	FALSE		1e-04
IMGT#1#IGHV1-NL1*01	7	37	IGHV_F7-G37*01	FALSE		1e-04
IMGT#1#IGHV1/OR15-9*01	7	38	IGHV_F7-G38*01	FALSE		1e-04
IMGT#1#IGHV1/OR15-5*02	7	38	IGHV_F7-G38*02	FALSE		1e-04
IMGT#1#IGHV1/OR15-5*01	7	38	IGHV_F7-G38*03	FALSE		1e-04
IMGT#1#IGHV1/OR21-1*01	7	38	IGHV_F7-G38*04	FALSE		1e-04
IMGT#1#IGHV1/OR15-4*01	7	39	IGHV_F7-G39*01	FALSE		1e-04
IMGT#1#IGHV1-8*03	7	40	IGHV_F7-G40*01	FALSE		1e-04
IMGT#1#IGHV1-8*01	7	40	IGHV_F7-G40*02	FALSE		1e-04
IMGT#1#IGHV1-8*02	7	40	IGHV_F7-G40*03	FALSE		1e-04
IMGT#1#IGHV1-46*04	7	41	IGHV_F7-G41*01	FALSE		1e-04
IMGT#1#IGHV1-46*03	7	41	IGHV_F7-G41*02	FALSE		1e-04
IMGT#1#IGHV1-46*01	7	41	IGHV_F7-G41*03	FALSE		1e-04
IMGT#1#IGHV1-46*02	7	41	IGHV_F7-G41*04	FALSE		1e-04
IMGT#1#IGHV1/OR15-1*04	7	42	IGHV_F7-G42*01	FALSE		1e-04
IMGT#1#IGHV1/OR15-1*03	7	42	IGHV_F7-G42*02	FALSE		1e-04
IMGT#1#IGHV1/OR15-1*02	7	42	IGHV_F7-G42*03	FALSE		1e-04
IMGT#1#IGHV1-2*08	7	42	IGHV_F7-G42*04	FALSE		1e-04
IMGT#1#IGHV1/OR15-1*01	7	42	IGHV_F7-G42*04	TRUE		1e-04
IMGT#1#IGHV1-2*07	7	42	IGHV_F7-G42*05	FALSE		1e-04
IMGT#1#IGHV1-2*04	7	42	IGHV_F7-G42*06	FALSE		1e-04
IMGT#1#IGHV1-2*02	7	42	IGHV_F7-G42*07	FALSE		1e-04
IMGT#1#IGHV1-2*03	7	42	IGHV_F7-G42*08	FALSE		1e-04
IMGT#1#IGHV1-2*01	7	42	IGHV_F7-G42*09	FALSE		1e-04
IMGT#1#IGHV1-2*05	7	42	IGHV_F7-G42*10	FALSE		1e-04
IMGT#1#IGHV1-2*06	7	42	IGHV_F7-G42*11	FALSE		1e-04
IMGT#1#IGHV1/OR15-2*02	7	43	IGHV_F7-G43*01	FALSE		1e-04
IMGT#1#IGHV1/OR15-2*01	7	43	IGHV_F7-G43*02	FALSE		1e-04
IMGT#1#IGHV1/OR15-2*03	7	43	IGHV_F7-G43*03	FALSE		1e-04
IMGT#1#IGHV1-18*02	7	44	IGHV_F7-G44*01	FALSE		1e-04
IMGT#1#IGHV1-18*04	7	44	IGHV_F7-G44*02	FALSE		1e-04
IMGT#1#IGHV1-18*01	7	44	IGHV_F7-G44*03	FALSE		1e-04
IMGT#1#IGHV1-18*03	7	44	IGHV_F7-G44*04	FALSE		1e-04
IMGT#1#IGHV1-3*02	7	45	IGHV_F7-G45*01	FALSE		1e-04
IMGT#1#IGHV1-3*03	7	45	IGHV_F7-G45*02	FALSE		1e-04
IMGT#1#IGHV1-3*04	7	45	IGHV_F7-G45*03	FALSE		1e-04
OGRDB#1#IGHV1-3*04	7	45	IGHV_F7-G45*03	TRUE		1e-04
IMGT#1#IGHV1-3*01	7	45	IGHV_F7-G45*04	FALSE		1e-04
IMGT#1#IGHV1-3*05	7	45	IGHV_F7-G45*05	FALSE		1e-04
IMGT#1#IGHV1/OR15-3*03	7	46	IGHV_F7-G46*01	FALSE		1e-04
IMGT#1#IGHV1/OR15-3*01	7	46	IGHV_F7-G46*02	FALSE		1e-04
IMGT#1#IGHV1/OR15-3*02	7	46	IGHV_F7-G46*03	FALSE		1e-04
IMGT#1#IGHV1-58*03	7	47	IGHV_F7-G47*01	FALSE		1e-04
IMGT#1#IGHV1-58*01	7	47	IGHV_F7-G47*02	FALSE		1e-04
IMGT#1#IGHV1-58*02	7	47	IGHV_F7-G47*03	FALSE		1e-04
IMGT#1#IGHV1-69*11	7	48	IGHV_F7-G48*01	FALSE		1e-04
IMGT#1#IGHV1-69*07	7	48	IGHV_F7-G48*02	FALSE		1e-04
IMGT#1#IGHV1-69*15	7	48	IGHV_F7-G48*02	TRUE		1e-04
IMGT#1#IGHV1-69*18	7	48	IGHV_F7-G48*02	TRUE		1e-04
OGRDB#1#IGHV1-69*18	7	48	IGHV_F7-G48*02	TRUE		1e-04
IGv2#1#IGHV1-69_05_F	7	48	IGHV_F7-G48*03	FALSE		1e-04
IMGT#1#IGHV1-69*05	7	48	IGHV_F7-G48*03	TRUE		1e-04
IMGT#1#IGHV1-69*12	7	48	IGHV_F7-G48*04	FALSE		1e-04
IMGT#1#IGHV1-69*13	7	48	IGHV_F7-G48*05	FALSE		1e-04
OGRDB#1#IGHV1-69*i04	7	48	IGHV_F7-G48*06	FALSE		1e-04
IMGT#1#IGHV1-69*17	7	48	IGHV_F7-G48*07	FALSE		1e-04
IMGT#1#IGHV1-69*14	7	48	IGHV_F7-G48*08	FALSE		1e-04
IMGT#1#IGHV1-69*06	7	48	IGHV_F7-G48*09	FALSE		1e-04
IMGT#1#IGHV1-69*01	7	48	IGHV_F7-G48*10	FALSE		1e-04
IMGT#1#IGHV1-69D*01	7	48	IGHV_F7-G48*10	TRUE		1e-04
IMGT#1#IGHV1-69*03	7	48	IGHV_F7-G48*11	FALSE		1e-04
IMGT#1#IGHV1-69*19	7	48	IGHV_F7-G48*12	FALSE		1e-04
IMGT#1#IGHV1-69*16	7	48	IGHV_F7-G48*13	FALSE		1e-04
IMGT#1#IGHV1-69*08	7	48	IGHV_F7-G48*14	FALSE		1e-04
IGv2#1#IGHV1-69_02_F	7	48	IGHV_F7-G48*15	FALSE		1e-04
IMGT#1#IGHV1-69*02	7	48	IGHV_F7-G48*15	TRUE		1e-04
IMGT#1#IGHV1-69*10	7	48	IGHV_F7-G48*16	FALSE		1e-04
IMGT#1#IGHV1-69*20	7	48	IGHV_F7-G48*17	FALSE		1e-04
IMGT#1#IGHV1-69*04	7	48	IGHV_F7-G48*18	FALSE		1e-04
IMGT#1#IGHV1-69*09	7	48	IGHV_F7-G48*19	FALSE		1e-04
IMGT#1#IGHV3-15*07	8	49	IGHV_F8-G49*01	FALSE		1e-04
IMGT#1#IGHV3-15*06	8	49	IGHV_F8-G49*02	FALSE		1e-04
IMGT#1#IGHV3-15*09	8	49	IGHV_F8-G49*03	FALSE		1e-04
IMGT#1#IGHV3-15*05	8	49	IGHV_F8-G49*04	FALSE		1e-04
IMGT#1#IGHV3-15*04	8	49	IGHV_F8-G49*05	FALSE		1e-04
IMGT#1#IGHV3-15*01	8	49	IGHV_F8-G49*06	FALSE		1e-04
IMGT#1#IGHV3-15*02	8	49	IGHV_F8-G49*07	FALSE		1e-04
IMGT#1#IGHV3-15*03	8	49	IGHV_F8-G49*08	FALSE		1e-04
IMGT#1#IGHV3-15*08	8	49	IGHV_F8-G49*09	FALSE		1e-04
IMGT#1#IGHV3/OR16-6*02	8	49	IGHV_F8-G49*10	FALSE		1e-04
IMGT#1#IGHV3-49*02	8	50	IGHV_F8-G50*01	FALSE		1e-04
IMGT#1#IGHV3-49*01	8	50	IGHV_F8-G50*02	FALSE		1e-04
IMGT#1#IGHV3-49*05	8	50	IGHV_F8-G50*03	FALSE		1e-04
IMGT#1#IGHV3-49*03	8	50	IGHV_F8-G50*04	FALSE		1e-04
IMGT#1#IGHV3-49*04	8	50	IGHV_F8-G50*05	FALSE		1e-04
IMGT#1#IGHV3-22*01	8	51	IGHV_F8-G51*01	FALSE		1e-04
IMGT#1#IGHV3-22*02	8	51	IGHV_F8-G51*02	FALSE		1e-04
IMGT#1#IGHV3-71*01	8	51	IGHV_F8-G51*03	FALSE		1e-04
IMGT#1#IGHV3-71*04	8	51	IGHV_F8-G51*04	FALSE		1e-04
IMGT#1#IGHV3-71*02	8	51	IGHV_F8-G51*05	FALSE		1e-04
IMGT#1#IGHV3-71*03	8	51	IGHV_F8-G51*06	FALSE		1e-04
IMGT#1#IGHV3-73*01	8	52	IGHV_F8-G52*01	FALSE		1e-04
IMGT#1#IGHV3-73*02	8	52	IGHV_F8-G52*02	FALSE		1e-04
IMGT#1#IGHV3-72*01	8	53	IGHV_F8-G53*01	FALSE		1e-04
IMGT#1#IGHV3-72*02	8	53	IGHV_F8-G53*02	FALSE		1e-04
IMGT#1#IGHV3/OR15-7*02	8	54	IGHV_F8-G54*01	FALSE		1e-04
IMGT#1#IGHV3/OR15-7*03	8	54	IGHV_F8-G54*02	FALSE		1e-04
IMGT#1#IGHV3/OR15-7*01	8	54	IGHV_F8-G54*03	FALSE		1e-04
IMGT#1#IGHV3/OR15-7*05	8	54	IGHV_F8-G54*04	FALSE		1e-04
IMGT#1#IGHV8-51-1*01	9	55	IGHV_F9-G55*01	FALSE		1e-04
IMGT#1#IGHV8-51-1*03	9	55	IGHV_F9-G55*02	FALSE		1e-04
IMGT#1#IGHV8-51-1*05	9	55	IGHV_F9-G55*03	FALSE		1e-04
IMGT#1#IGHV8-51-1*02	9	55	IGHV_F9-G55*04	FALSE		1e-04
IMGT#1#IGHV8-51-1*04	9	55	IGHV_F9-G55*05	FALSE		1e-04
IMGT#1#IGHV3-54*02	10	56	IGHV_F10-G56*01	FALSE		1e-04
IMGT#1#IGHV3-54*01	10	56	IGHV_F10-G56*02	FALSE		1e-04
IMGT#1#IGHV3-54*04	10	56	IGHV_F10-G56*03	FALSE		1e-04
IMGT#1#IGHV3-33-2*01	10	57	IGHV_F10-G57*01	FALSE		1e-04
IMGT#1#IGHV3-30-33*01	10	57	IGHV_F10-G57*02	FALSE		1e-04
IMGT#1#IGHV3-30-2*02	10	57	IGHV_F10-G57*03	FALSE		1e-04
IMGT#1#IGHV3-30-2*01	10	57	IGHV_F10-G57*04	FALSE		1e-04
IMGT#1#IGHV3-30-52*01	10	57	IGHV_F10-G57*04	TRUE		1e-04
IMGT#1#IGHV3-63*03	10	58	IGHV_F10-G58*01	FALSE		1e-04
IMGT#1#IGHV3-63*01	10	58	IGHV_F10-G58*02	FALSE		1e-04
IGv2#1#IGHV3-63_02_P	10	58	IGHV_F10-G58*03	FALSE		1e-04
IMGT#1#IGHV3-63*02	10	58	IGHV_F10-G58*03	TRUE		1e-04
IMGT#1#IGHV3-29*02	10	59	IGHV_F10-G59*01	FALSE		1e-04
IMGT#1#IGHV3-29*01	10	59	IGHV_F10-G59*02	FALSE		1e-04
IMGT#1#IGHV3-30-42*01	10	59	IGHV_F10-G59*02	TRUE		1e-04
IMGT#1#IGHV3-30-22*01	10	59	IGHV_F10-G59*03	FALSE		1e-04
IMGT#1#IGHV3-30-42*02	10	59	IGHV_F10-G59*04	FALSE		1e-04
IMGT#1#IGHV3-32*01	10	59	IGHV_F10-G59*04	TRUE		1e-04
IMGT#1#IGHV3-25*04	11	60	IGHV_F11-G60*01	FALSE		1e-04
IMGT#1#IGHV3-25*01	11	60	IGHV_F11-G60*02	FALSE		1e-04
IGv2#1#IGHV3-25_03_P	11	60	IGHV_F11-G60*03	FALSE		1e-04
IMGT#1#IGHV3-25*03	11	60	IGHV_F11-G60*03	TRUE		1e-04
IMGT#1#IGHV3-25*02	11	60	IGHV_F11-G60*04	FALSE		1e-04
IMGT#1#IGHV3-25*05	11	60	IGHV_F11-G60*05	FALSE		1e-04
IMGT#1#IGHV3-52*03	12	61	IGHV_F12-G61*01	FALSE		1e-04
IMGT#1#IGHV3-52*01	12	61	IGHV_F12-G61*02	FALSE		1e-04
IGv2#1#IGHV3-52_02_P	12	61	IGHV_F12-G61*03	FALSE		1e-04
IMGT#1#IGHV3-52*02	12	61	IGHV_F12-G61*03	TRUE		1e-04
IMGT#1#IGHV3-7*02	12	62	IGHV_F12-G62*01	FALSE		1e-04
IMGT#1#IGHV3-7*04	12	62	IGHV_F12-G62*02	FALSE		1e-04
IMGT#1#IGHV3-7*05	12	62	IGHV_F12-G62*03	FALSE		1e-04
IMGT#1#IGHV3-7*01	12	62	IGHV_F12-G62*04	FALSE		1e-04
IMGT#1#IGHV3-7*03	12	62	IGHV_F12-G62*05	FALSE		1e-04
IMGT#1#IGHV3-41*02	12	63	IGHV_F12-G63*01	FALSE		1e-04
IMGT#1#IGHV3-NL1*01	12	64	IGHV_F12-G64*01	FALSE		1e-04
IMGT#1#IGHV3-30*12	12	65	IGHV_F12-G65*01	FALSE		1e-04
IMGT#1#IGHV3-30*05	12	65	IGHV_F12-G65*02	FALSE		1e-04
IMGT#1#IGHV3-30*13	12	65	IGHV_F12-G65*03	FALSE		1e-04
IMGT#1#IGHV3-30*20	12	65	IGHV_F12-G65*04	FALSE		1e-04
IMGT#1#IGHV3-30*06	12	65	IGHV_F12-G65*05	FALSE		1e-04
IMGT#1#IGHV3-30*19	12	65	IGHV_F12-G65*06	FALSE		1e-04
IMGT#1#IGHV3-30-3*02	12	65	IGHV_F12-G65*07	FALSE		1e-04
OGRDB#1#IGHV3-30*i02	12	65	IGHV_F12-G65*08	FALSE		1e-04
IMGT#1#IGHV3-30*08	12	65	IGHV_F12-G65*09	FALSE		1e-04
IMGT#1#IGHV3-30*14	12	65	IGHV_F12-G65*10	FALSE		1e-04
IMGT#1#IGHV3-30*09	12	65	IGHV_F12-G65*11	FALSE		1e-04
IMGT#1#IGHV3-30-3*01	12	65	IGHV_F12-G65*12	FALSE		1e-04
IMGT#1#IGHV3-30-3*03	12	65	IGHV_F12-G65*13	FALSE		1e-04
IMGT#1#IGHV3-30*04	12	65	IGHV_F12-G65*13	TRUE		1e-04
IMGT#1#IGHV3-30*17	12	65	IGHV_F12-G65*14	FALSE		1e-04
IMGT#1#IGHV3-30*16	12	65	IGHV_F12-G65*15	FALSE		1e-04
IMGT#1#IGHV3-30*15	12	65	IGHV_F12-G65*16	FALSE		1e-04
IMGT#1#IGHV3-30*11	12	65	IGHV_F12-G65*17	FALSE		1e-04
IMGT#1#IGHV3-30*10	12	65	IGHV_F12-G65*18	FALSE		1e-04
IMGT#1#IGHV3-30*01	12	65	IGHV_F12-G65*19	FALSE		1e-04
IMGT#1#IGHV3-30*07	12	65	IGHV_F12-G65*20	FALSE		1e-04
IMGT#1#IGHV3-30-5*02	12	65	IGHV_F12-G65*21	FALSE		1e-04
IMGT#1#IGHV3-30*02	12	65	IGHV_F12-G65*21	TRUE		1e-04
IMGT#1#IGHV3-30-5*03	12	65	IGHV_F12-G65*22	FALSE		1e-04
IMGT#1#IGHV3-33*08	12	65	IGHV_F12-G65*23	FALSE		1e-04
IMGT#1#IGHV3-33*05	12	65	IGHV_F12-G65*24	FALSE		1e-04
IMGT#1#IGHV3-30*03	12	65	IGHV_F12-G65*25	FALSE		1e-04
IMGT#1#IGHV3-30-5*01	12	65	IGHV_F12-G65*26	FALSE		1e-04
IMGT#1#IGHV3-30*18	12	65	IGHV_F12-G65*26	TRUE		1e-04
IMGT#1#IGHV3-33*02	12	65	IGHV_F12-G65*27	FALSE		1e-04
IMGT#1#IGHV3-33*07	12	65	IGHV_F12-G65*28	FALSE		1e-04
IMGT#1#IGHV3-33*04	12	65	IGHV_F12-G65*29	FALSE		1e-04
IMGT#1#IGHV3-33*03	12	65	IGHV_F12-G65*30	FALSE		1e-04
IMGT#1#IGHV3-33*01	12	65	IGHV_F12-G65*31	FALSE		1e-04
IMGT#1#IGHV3-33*06	12	65	IGHV_F12-G65*32	FALSE		1e-04
IMGT#1#IGHV3/OR16-12*01	12	66	IGHV_F12-G66*01	FALSE		1e-04
IMGT#1#IGHV3-38-3*01	12	67	IGHV_F12-G67*01	FALSE		1e-04
IMGT#1#IGHV3-38-3*02	12	67	IGHV_F12-G67*02	FALSE		1e-04
IMGT#1#IGHV3-38*03	12	68	IGHV_F12-G68*01	FALSE		1e-04
IMGT#1#IGHV3-38*01	12	68	IGHV_F12-G68*02	FALSE		1e-04
IMGT#1#IGHV3-38*02	12	68	IGHV_F12-G68*03	FALSE		1e-04
IGv2#1#IGHV3-66_02_F	12	69	IGHV_F12-G69*01	FALSE		1e-04
IMGT#1#IGHV3-66*02	12	69	IGHV_F12-G69*01	TRUE		1e-04
IMGT#1#IGHV3-66*01	12	69	IGHV_F12-G69*02	FALSE		1e-04
IMGT#1#IGHV3-66*04	12	69	IGHV_F12-G69*03	FALSE		1e-04
IMGT#1#IGHV3-53*03	12	69	IGHV_F12-G69*04	FALSE		1e-04
IMGT#1#IGHV3-66*03	12	69	IGHV_F12-G69*05	FALSE		1e-04
IMGT#1#IGHV3-53*04	12	69	IGHV_F12-G69*06	FALSE		1e-04
IMGT#1#IGHV3-53*06	12	69	IGHV_F12-G69*07	FALSE		1e-04
IMGT#1#IGHV3-53*05	12	69	IGHV_F12-G69*08	FALSE		1e-04
IMGT#1#IGHV3-53*01	12	69	IGHV_F12-G69*09	FALSE		1e-04
IMGT#1#IGHV3-53*02	12	69	IGHV_F12-G69*10	FALSE		1e-04
IMGT#1#IGHV3-23*02	12	70	IGHV_F12-G70*01	FALSE		1e-04
IMGT#1#IGHV3-23*04	12	70	IGHV_F12-G70*02	FALSE		1e-04
IMGT#1#IGHV3-23*01	12	70	IGHV_F12-G70*03	FALSE		1e-04
IMGT#1#IGHV3-23D*01	12	70	IGHV_F12-G70*03	TRUE		1e-04
IMGT#1#IGHV3-23*03	12	70	IGHV_F12-G70*04	FALSE		1e-04
IMGT#1#IGHV3-23*05	12	70	IGHV_F12-G70*05	FALSE		1e-04
IMGT#1#IGHV3-20*01	12	71	IGHV_F12-G71*01	FALSE		1e-04
IMGT#1#IGHV3-20*02	12	71	IGHV_F12-G71*02	FALSE		1e-04
IMGT#1#IGHV3-20*03	12	71	IGHV_F12-G71*03	FALSE		1e-04
IMGT#1#IGHV3-20*04	12	71	IGHV_F12-G71*04	FALSE		1e-04
IMGT#1#IGHV3-9*04	12	72	IGHV_F12-G72*01	FALSE		1e-04
IMGT#1#IGHV3-9*03	12	72	IGHV_F12-G72*02	FALSE		1e-04
IMGT#1#IGHV3-9*01	12	72	IGHV_F12-G72*03	FALSE		1e-04
IMGT#1#IGHV3-9*02	12	72	IGHV_F12-G72*04	FALSE		1e-04
OGRDB#1#IGHV3-43D*i02	12	73	IGHV_F12-G73*01	FALSE		1e-04
IMGT#1#IGHV3-43D*03	12	73	IGHV_F12-G73*02	FALSE		1e-04
IMGT#1#IGHV3-43D*04	12	73	IGHV_F12-G73*03	FALSE		1e-04
IMGT#1#IGHV3-43*01	12	73	IGHV_F12-G73*04	FALSE		1e-04
IMGT#1#IGHV3-43*02	12	73	IGHV_F12-G73*05	FALSE		1e-04
IMGT#1#IGHV3/OR16-9*01	12	74	IGHV_F12-G74*01	FALSE		1e-04
IMGT#1#IGHV3/OR16-8*01	12	74	IGHV_F12-G74*02	FALSE		1e-04
IMGT#1#IGHV3/OR16-17*01	12	74	IGHV_F12-G74*03	FALSE		1e-04
IMGT#1#IGHV3/OR16-8*02	12	74	IGHV_F12-G74*03	TRUE		1e-04
IMGT#1#IGHV3-11*01	12	75	IGHV_F12-G75*01	FALSE		1e-04
IMGT#1#IGHV3-11*04	12	75	IGHV_F12-G75*02	FALSE		1e-04
IMGT#1#IGHV3-11*03	12	75	IGHV_F12-G75*03	FALSE		1e-04
IMGT#1#IGHV3-11*05	12	75	IGHV_F12-G75*04	FALSE		1e-04
IMGT#1#IGHV3-11*06	12	75	IGHV_F12-G75*05	FALSE		1e-04
IMGT#1#IGHV3-48*03	12	76	IGHV_F12-G76*01	FALSE		1e-04
IMGT#1#IGHV3-48*04	12	76	IGHV_F12-G76*02	FALSE		1e-04
IMGT#1#IGHV3-48*01	12	76	IGHV_F12-G76*03	FALSE		1e-04
IMGT#1#IGHV3-48*02	12	76	IGHV_F12-G76*04	FALSE		1e-04
IMGT#1#IGHV3-69-1*01	12	77	IGHV_F12-G77*01	FALSE		1e-04
IMGT#1#IGHV3-69-1*02	12	77	IGHV_F12-G77*02	FALSE		1e-04
IMGT#1#IGHV3-21*07	12	78	IGHV_F12-G78*01	FALSE		1e-04
IMGT#1#IGHV3-21*05	12	78	IGHV_F12-G78*02	FALSE		1e-04
IMGT#1#IGHV3-21*06	12	78	IGHV_F12-G78*03	FALSE		1e-04
IMGT#1#IGHV3-21*04	12	78	IGHV_F12-G78*04	FALSE		1e-04
IMGT#1#IGHV3-21*03	12	78	IGHV_F12-G78*05	FALSE		1e-04
IMGT#1#IGHV3-21*01	12	78	IGHV_F12-G78*06	FALSE		1e-04
IMGT#1#IGHV3-21*02	12	78	IGHV_F12-G78*07	FALSE		1e-04
IMGT#1#IGHV3-64*02	12	79	IGHV_F12-G79*01	FALSE		1e-04
IMGT#1#IGHV3-64*01	12	79	IGHV_F12-G79*02	FALSE		1e-04
IMGT#1#IGHV3-64*07	12	79	IGHV_F12-G79*03	FALSE		1e-04
IMGT#1#IGHV3-64*04	12	79	IGHV_F12-G79*04	FALSE		1e-04
IMGT#1#IGHV3-64D*06	12	79	IGHV_F12-G79*05	FALSE		1e-04
IMGT#1#IGHV3-64D*08	12	79	IGHV_F12-G79*06	FALSE		1e-04
IMGT#1#IGHV3-64D*09	12	79	IGHV_F12-G79*07	FALSE		1e-04
IMGT#1#IGHV3-64*03	12	79	IGHV_F12-G79*08	FALSE		1e-04
IMGT#1#IGHV3-64*05	12	79	IGHV_F12-G79*09	FALSE		1e-04
IMGT#1#IGHV3-74*03	12	80	IGHV_F12-G80*01	FALSE		1e-04
IMGT#1#IGHV3-74*01	12	80	IGHV_F12-G80*02	FALSE		1e-04
IMGT#1#IGHV3-74*02	12	80	IGHV_F12-G80*03	FALSE		1e-04
IMGT#1#IGHV3/OR16-13*01	12	81	IGHV_F12-G81*01	FALSE		1e-04
IMGT#1#IGHV3/OR16-14*01	12	81	IGHV_F12-G81*02	FALSE		1e-04
IMGT#1#IGHV3/OR16-15*01	12	82	IGHV_F12-G82*01	FALSE		1e-04
IMGT#1#IGHV3/OR16-15*02	12	82	IGHV_F12-G82*02	FALSE		1e-04
IMGT#1#IGHV3/OR16-16*01	12	82	IGHV_F12-G82*03	FALSE		1e-04
IMGT#1#IGHV3/OR16-18*01	12	82	IGHV_F12-G82*04	FALSE		1e-04
IMGT#1#IGHV3-16*04	12	83	IGHV_F12-G83*01	FALSE		1e-04
IMGT#1#IGHV3-16*01	12	83	IGHV_F12-G83*02	FALSE		1e-04
IMGT#1#IGHV3-16*02	12	83	IGHV_F12-G83*03	FALSE		1e-04
IMGT#1#IGHV3-16*03	12	83	IGHV_F12-G83*04	FALSE		1e-04
IMGT#1#IGHV3-35*01	12	84	IGHV_F12-G84*01	FALSE		1e-04
IMGT#1#IGHV3-35*02	12	84	IGHV_F12-G84*02	FALSE		1e-04
IMGT#1#IGHV3-19*01	12	85	IGHV_F12-G85*01	FALSE		1e-04
IMGT#1#IGHV3-19*02	12	85	IGHV_F12-G85*02	FALSE		1e-04
IMGT#1#IGHV3-62*06	12	86	IGHV_F12-G86*01	FALSE		1e-04
IMGT#1#IGHV3-62*04	12	86	IGHV_F12-G86*02	FALSE		1e-04
IMGT#1#IGHV3-62*01	12	86	IGHV_F12-G86*03	FALSE		1e-04
IMGT#1#IGHV3-62*03	12	86	IGHV_F12-G86*04	FALSE		1e-04
IMGT#1#IGHV3-13*02	12	87	IGHV_F12-G87*01	FALSE		1e-04
IMGT#1#IGHV3-13*03	12	87	IGHV_F12-G87*02	FALSE		1e-04
OGRDB#1#IGHV3-13*i01	12	87	IGHV_F12-G87*03	FALSE		1e-04
IMGT#1#IGHV3-13*05	12	87	IGHV_F12-G87*04	FALSE		1e-04
IMGT#1#IGHV3-13*01	12	87	IGHV_F12-G87*05	FALSE		1e-04
IMGT#1#IGHV3-13*04	12	87	IGHV_F12-G87*06	FALSE		1e-04
IMGT#1#IGHV3/OR16-10*03	12	88	IGHV_F12-G88*01	FALSE		1e-04
IMGT#1#IGHV3/OR16-10*01	12	88	IGHV_F12-G88*02	FALSE		1e-04
IMGT#1#IGHV3/OR16-10*02	12	88	IGHV_F12-G88*03	FALSE		1e-04
IMGT#1#IGHV3/OR16-20*01	12	88	IGHV_F12-G88*03	TRUE		1e-04
IMGT#1#IGHV3-47*02	12	89	IGHV_F12-G89*01	FALSE		1e-04
IGv2#1#IGHV3-47_01_P	12	89	IGHV_F12-G89*02	FALSE		1e-04
IMGT#1#IGHV3-47*01	12	89	IGHV_F12-G89*02	TRUE		1e-04
IMGT#1#IGKV2-4*01	1	1	IGKV_F1-G1*01	FALSE		1e-04
IMGT#1#IGKV2-4*02	1	1	IGKV_F1-G1*02	FALSE		1e-04
IMGT#1#IGKV2D-30*01	1	2	IGKV_F1-G2*01	FALSE		1e-04
IMGT#1#IGKV2-30*01	1	2	IGKV_F1-G2*02	FALSE		1e-04
IMGT#1#IGKV2-30*02	1	2	IGKV_F1-G2*03	FALSE		1e-04
IMGT#1#IGKV2D-24*01	1	3	IGKV_F1-G3*01	FALSE		1e-04
IMGT#1#IGKV2-24*01	1	3	IGKV_F1-G3*02	FALSE		1e-04
IMGT#1#IGKV2-24*02	1	3	IGKV_F1-G3*03	FALSE		1e-04
IMGT#1#IGKV2/OR2-7D*01	1	4	IGKV_F1-G4*01	FALSE		1e-04
IMGT#1#IGKV2D-26*01	1	5	IGKV_F1-G5*01	FALSE		1e-04
IMGT#1#IGKV2D-26*02	1	5	IGKV_F1-G5*02	FALSE		1e-04
IMGT#1#IGKV2D-26*03	1	5	IGKV_F1-G5*03	FALSE		1e-04
IMGT#1#IGKV2D-29*01	1	6	IGKV_F1-G6*01	FALSE		1e-04
IMGT#1#IGKV2D-29*02	1	6	IGKV_F1-G6*02	FALSE		1e-04
IMGT#1#IGKV2-29*02	1	6	IGKV_F1-G6*03	FALSE		1e-04
IMGT#1#IGKV2-29*01	1	6	IGKV_F1-G6*04	FALSE		1e-04
IMGT#1#IGKV2-29*03	1	6	IGKV_F1-G6*05	FALSE		1e-04
IMGT#1#IGKV2/OR22-4*01	1	7	IGKV_F1-G7*01	FALSE		1e-04
IMGT#1#IGKV2-40*02	1	8	IGKV_F1-G8*01	FALSE		1e-04
IMGT#1#IGKV2-40*01	1	8	IGKV_F1-G8*02	FALSE		1e-04
IMGT#1#IGKV2D-40*01	1	8	IGKV_F1-G8*02	TRUE		1e-04
IMGT#1#IGKV2-28*01	1	9	IGKV_F1-G9*01	FALSE		1e-04
IMGT#1#IGKV2D-28*01	1	9	IGKV_F1-G9*01	TRUE		1e-04
IMGT#1#IGKV2-18*01	1	10	IGKV_F1-G10*01	FALSE		1e-04
IMGT#1#IGKV2D-18*01	1	10	IGKV_F1-G10*02	FALSE		1e-04
IMGT#1#IGKV7-3*01	2	11	IGKV_F2-G11*01	FALSE		1e-04
IMGT#1#IGKV4-1*03	3	12	IGKV_F3-G12*01	FALSE		1e-04
IMGT#1#IGKV4-1*01	3	12	IGKV_F3-G12*02	FALSE		1e-04
IMGT#1#IGKV4-1*02	3	12	IGKV_F3-G12*03	FALSE		1e-04
IMGT#1#IGKV5-2*01	4	13	IGKV_F4-G13*01	FALSE		1e-04
IMGT#1#IGKV5-2*02	4	13	IGKV_F4-G13*02	FALSE		1e-04
IMGT#1#IGKV1/OR2-3*01	5	14	IGKV_F5-G14*01	FALSE		1e-04
IMGT#1#IGKV1/OR2-11*01	5	14	IGKV_F5-G14*02	FALSE		1e-04
IMGT#1#IGKV1/OR2-9*01	5	14	IGKV_F5-G14*02	TRUE		1e-04
IMGT#1#IGKV1D-42*01	5	15	IGKV_F5-G15*01	FALSE		1e-04
IMGT#1#IGKV1D-42*02	5	15	IGKV_F5-G15*02	FALSE		1e-04
IMGT#1#IGKV1/OR2-108*01	5	16	IGKV_F5-G16*01	FALSE		1e-04
IMGT#1#IGKV1/ORY-1*01	5	17	IGKV_F5-G17*01	FALSE		1e-04
IMGT#1#IGKV1/OR22-5*01	5	17	IGKV_F5-G17*02	FALSE		1e-04
IMGT#1#IGKV1/OR22-5*02	5	17	IGKV_F5-G17*03	FALSE		1e-04
IMGT#1#IGKV1/OR9-1*01	5	17	IGKV_F5-G17*04	FALSE		1e-04
IMGT#1#IGKV1/OR-2*01	5	17	IGKV_F5-G17*05	FALSE		1e-04
IMGT#1#IGKV1/OR9-2*01	5	17	IGKV_F5-G17*06	FALSE		1e-04
IMGT#1#IGKV1/OR15-118*01	5	17	IGKV_F5-G17*07	FALSE		1e-04
IMGT#1#IGKV1/OR2-0*01	5	17	IGKV_F5-G17*08	FALSE		1e-04
IMGT#1#IGKV1/OR1-1*01	5	17	IGKV_F5-G17*09	FALSE		1e-04
IMGT#1#IGKV1/OR2-118*01	5	17	IGKV_F5-G17*10	FALSE		1e-04
IMGT#1#IGKV1/OR-3*01	5	17	IGKV_F5-G17*11	FALSE		1e-04
IMGT#1#IGKV1/OR2-1*01	5	17	IGKV_F5-G17*12	FALSE		1e-04
IMGT#1#IGKV1/OR2-2*01	5	17	IGKV_F5-G17*12	TRUE		1e-04
IMGT#1#IGKV1/OR-4*01	5	17	IGKV_F5-G17*13	FALSE		1e-04
IMGT#1#IGKV1/OR10-1*01	5	17	IGKV_F5-G17*14	FALSE		1e-04
IMGT#1#IGKV1-33*01	5	18	IGKV_F5-G18*01	FALSE		1e-04
IMGT#1#IGKV1D-33*01	5	18	IGKV_F5-G18*01	TRUE		1e-04
IMGT#1#IGKV1-39*02	5	19	IGKV_F5-G19*01	FALSE		1e-04
IMGT#1#IGKV1-39*01	5	19	IGKV_F5-G19*02	FALSE		1e-04
IMGT#1#IGKV1D-39*01	5	19	IGKV_F5-G19*02	TRUE		1e-04
IMGT#1#IGKV1-37*01	5	20	IGKV_F5-G20*01	FALSE		1e-04
IMGT#1#IGKV1D-37*01	5	20	IGKV_F5-G20*01	TRUE		1e-04
IMGT#1#IGKV1-27*03	5	21	IGKV_F5-G21*01	FALSE		1e-04
IMGT#1#IGKV1-27*01	5	21	IGKV_F5-G21*02	FALSE		1e-04
IMGT#1#IGKV1-27*02	5	21	IGKV_F5-G21*03	FALSE		1e-04
IMGT#1#IGKV1-8*04	5	22	IGKV_F5-G22*01	FALSE		1e-04
IMGT#1#IGKV1-8*02	5	22	IGKV_F5-G22*02	FALSE		1e-04
IMGT#1#IGKV1-8*01	5	22	IGKV_F5-G22*03	FALSE		1e-04
IMGT#1#IGKV1-8*03	5	22	IGKV_F5-G22*04	FALSE		1e-04
IMGT#1#IGKV1D-8*04	5	22	IGKV_F5-G22*05	FALSE		1e-04
IMGT#1#IGKV1D-8*02	5	22	IGKV_F5-G22*06	FALSE		1e-04
IMGT#1#IGKV1D-8*01	5	22	IGKV_F5-G22*07	FALSE		1e-04
IMGT#1#IGKV1D-8*03	5	22	IGKV_F5-G22*08	FALSE		1e-04
IMGT#1#IGKV1-5*01	5	23	IGKV_F5-G23*01	FALSE		1e-04
IMGT#1#IGKV1-5*02	5	23	IGKV_F5-G23*02	FALSE		1e-04
IMGT#1#IGKV1-5*05	5	23	IGKV_F5-G23*03	FALSE		1e-04
IMGT#1#IGKV1-5*03	5	23	IGKV_F5-G23*04	FALSE		1e-04
IMGT#1#IGKV1-5*04	5	23	IGKV_F5-G23*05	FALSE		1e-04
IMGT#1#IGKV1-NL1*01	5	24	IGKV_F5-G24*01	FALSE		1e-04
IMGT#1#IGKV1D-43*01	5	25	IGKV_F5-G25*01	FALSE		1e-04
IMGT#1#IGKV1-17*03	5	26	IGKV_F5-G26*01	FALSE		1e-04
IMGT#1#IGKV1D-17*01	5	26	IGKV_F5-G26*02	FALSE		1e-04
IMGT#1#IGKV1D-12*01	5	27	IGKV_F5-G27*01	FALSE		1e-04
IMGT#1#IGKV1-12*01	5	27	IGKV_F5-G27*02	FALSE		1e-04
IMGT#1#IGKV1-12*02	5	27	IGKV_F5-G27*03	FALSE		1e-04
IMGT#1#IGKV1D-12*02	5	27	IGKV_F5-G27*03	TRUE		1e-04
IMGT#1#IGKV1-16*01	5	28	IGKV_F5-G28*01	FALSE		1e-04
IMGT#1#IGKV1-16*02	5	28	IGKV_F5-G28*02	FALSE		1e-04
IMGT#1#IGKV1D-16*01	5	28	IGKV_F5-G28*03	FALSE		1e-04
IMGT#1#IGKV1D-16*02	5	28	IGKV_F5-G28*04	FALSE		1e-04
IMGT#1#IGKV1-17*01	5	29	IGKV_F5-G29*01	FALSE		1e-04
IMGT#1#IGKV1-17*02	5	29	IGKV_F5-G29*02	FALSE		1e-04
IMGT#1#IGKV1-6*01	5	29	IGKV_F5-G29*03	FALSE		1e-04
IMGT#1#IGKV1-6*02	5	29	IGKV_F5-G29*04	FALSE		1e-04
IMGT#1#IGKV1-13*02	5	30	IGKV_F5-G30*01	FALSE		1e-04
IMGT#1#IGKV1D-13*02	5	30	IGKV_F5-G30*01	TRUE		1e-04
IMGT#1#IGKV1-13*01	5	30	IGKV_F5-G30*02	FALSE		1e-04
IMGT#1#IGKV1D-13*01	5	30	IGKV_F5-G30*03	FALSE		1e-04
IMGT#1#IGKV1-9*03	5	31	IGKV_F5-G31*01	FALSE		1e-04
IMGT#1#IGKV1-9*01	5	31	IGKV_F5-G31*02	FALSE		1e-04
IMGT#1#IGKV1-9*02	5	31	IGKV_F5-G31*03	FALSE		1e-04
IMGT#1#IGKV3-11*01	6	32	IGKV_F6-G32*01	FALSE		1e-04
IMGT#1#IGKV3-11*02	6	32	IGKV_F6-G32*02	FALSE		1e-04
IMGT#1#IGKV3D-11*03	6	32	IGKV_F6-G32*03	FALSE		1e-04
IMGT#1#IGKV3D-11*01	6	32	IGKV_F6-G32*04	FALSE		1e-04
IMGT#1#IGKV3D-11*02	6	32	IGKV_F6-G32*05	FALSE		1e-04
IMGT#1#IGKV3-20*01	6	33	IGKV_F6-G33*01	FALSE		1e-04
IMGT#1#IGKV3D-20*01	6	33	IGKV_F6-G33*02	FALSE		1e-04
IMGT#1#IGKV3-20*02	6	33	IGKV_F6-G33*03	FALSE		1e-04
IMGT#1#IGKV3D-20*02	6	33	IGKV_F6-G33*04	FALSE		1e-04
IMGT#1#IGKV3D-15*03	6	34	IGKV_F6-G34*01	FALSE		1e-04
IMGT#1#IGKV3D-15*02	6	34	IGKV_F6-G34*02	FALSE		1e-04
IMGT#1#IGKV3D-15*01	6	34	IGKV_F6-G34*03	FALSE		1e-04
IMGT#1#IGKV3-15*01	6	34	IGKV_F6-G34*04	FALSE		1e-04
IMGT#1#IGKV3-15*02	6	34	IGKV_F6-G34*05	FALSE		1e-04
IMGT#1#IGKV3-7*02	6	35	IGKV_F6-G35*01	FALSE		1e-04
IMGT#1#IGKV3/OR2-268*01	6	35	IGKV_F6-G35*02	FALSE		1e-04
IMGT#1#IGKV3/OR2-268*02	6	35	IGKV_F6-G35*03	FALSE		1e-04
IMGT#1#IGKV3D-7*01	6	35	IGKV_F6-G35*03	TRUE		1e-04
IMGT#1#IGKV3-7*06	6	35	IGKV_F6-G35*04	FALSE		1e-04
IMGT#1#IGKV3-7*01	6	35	IGKV_F6-G35*05	FALSE		1e-04
IMGT#1#IGKV3-7*03	6	35	IGKV_F6-G35*06	FALSE		1e-04
IMGT#1#IGKV3-7*04	6	35	IGKV_F6-G35*07	FALSE		1e-04
IMGT#1#IGKV3-7*05	6	35	IGKV_F6-G35*08	FALSE		1e-04
IMGT#1#IGKV6D-41*01	7	36	IGKV_F7-G36*01	FALSE		1e-04
IMGT#1#IGKV6D-21*02	7	37	IGKV_F7-G37*01	FALSE		1e-04
IMGT#1#IGKV6-21*02	7	37	IGKV_F7-G37*02	FALSE		1e-04
IMGT#1#IGKV6-21*01	7	37	IGKV_F7-G37*03	FALSE		1e-04
IMGT#1#IGKV6D-21*01	7	37	IGKV_F7-G37*03	TRUE		1e-04
IMGT#1#IGLV11-55*01	1	1	IGLV_F1-G1*01	FALSE		1e-04
IMGT#1#IGLV11-55*02	1	1	IGLV_F1-G1*02	FALSE		1e-04
IMGT#1#IGLV5-52*01	2	2	IGLV_F2-G2*01	FALSE		1e-04
IMGT#1#IGLV5-37*03	2	3	IGLV_F2-G3*01	FALSE		1e-04
IMGT#1#IGLV5-37*01	2	3	IGLV_F2-G3*02	FALSE		1e-04
IMGT#1#IGLV5-37*02	2	3	IGLV_F2-G3*03	FALSE		1e-04
IMGT#1#IGLV5-48*01	2	4	IGLV_F2-G4*01	FALSE		1e-04
IMGT#1#IGLV5-48*02	2	4	IGLV_F2-G4*02	FALSE		1e-04
IMGT#1#IGLV5-39*01	2	5	IGLV_F2-G5*01	FALSE		1e-04
IMGT#1#IGLV5-39*02	2	5	IGLV_F2-G5*02	FALSE		1e-04
IMGT#1#IGLV5-45*05	2	6	IGLV_F2-G6*01	FALSE		1e-04
IMGT#1#IGLV5-45*04	2	6	IGLV_F2-G6*02	FALSE		1e-04
IMGT#1#IGLV5-45*02	2	6	IGLV_F2-G6*03	FALSE		1e-04
IMGT#1#IGLV5-45*01	2	6	IGLV_F2-G6*04	FALSE		1e-04
IMGT#1#IGLV5-45*03	2	6	IGLV_F2-G6*05	FALSE		1e-04
IMGT#1#IGLV9-49*03	3	7	IGLV_F3-G7*01	FALSE		1e-04
IMGT#1#IGLV9-49*01	3	7	IGLV_F3-G7*02	FALSE		1e-04
IMGT#1#IGLV9-49*02	3	7	IGLV_F3-G7*03	FALSE		1e-04
IMGT#1#IGLV4-3*01	4	8	IGLV_F4-G8*01	FALSE		1e-04
IMGT#1#IGLV4-69*01	4	9	IGLV_F4-G9*01	FALSE		1e-04
IMGT#1#IGLV4-69*02	4	9	IGLV_F4-G9*02	FALSE		1e-04
IMGT#1#IGLV4-60*01	4	10	IGLV_F4-G10*01	FALSE		1e-04
OGRDB#1#IGLV4-60*03_c259t	4	10	IGLV_F4-G10*02	FALSE		1e-04
IMGT#1#IGLV4-60*02	4	10	IGLV_F4-G10*03	FALSE		1e-04
IMGT#1#IGLV4-60*03	4	10	IGLV_F4-G10*04	FALSE		1e-04
OGRDB#1#IGLV3-2*03	5	11	IGLV_F5-G11*01	FALSE		1e-04
IMGT#1#IGLV3-19*01	6	12	IGLV_F6-G12*01	FALSE		1e-04
IMGT#1#IGLV3-19*02	6	12	IGLV_F6-G12*02	FALSE		1e-04
IMGT#1#IGLV3-32*01	6	13	IGLV_F6-G13*01	FALSE		1e-04
IMGT#1#IGLV3-31*01	6	14	IGLV_F6-G14*01	FALSE		1e-04
IMGT#1#IGLV3-31*02	6	14	IGLV_F6-G14*02	FALSE		1e-04
IMGT#1#IGLV3-1*01	7	15	IGLV_F7-G15*01	FALSE		1e-04
IMGT#1#IGLV3-1*02	7	15	IGLV_F7-G15*02	FALSE		1e-04
IMGT#1#IGLV3-9*02	7	16	IGLV_F7-G16*01	FALSE		1e-04
IMGT#1#IGLV3-9*01	7	16	IGLV_F7-G16*02	FALSE		1e-04
OGRDB#1#IGLV3-9*01	7	16	IGLV_F7-G16*02	TRUE		1e-04
IMGT#1#IGLV3-12*01	7	17	IGLV_F7-G17*01	FALSE		1e-04
IMGT#1#IGLV3-12*02	7	17	IGLV_F7-G17*02	FALSE		1e-04
IMGT#1#IGLV3-21*01	7	18	IGLV_F7-G18*01	FALSE		1e-04
IMGT#1#IGLV3-21*04	7	18	IGLV_F7-G18*02	FALSE		1e-04
IMGT#1#IGLV3-21*02	7	18	IGLV_F7-G18*03	FALSE		1e-04
IMGT#1#IGLV3-21*03	7	18	IGLV_F7-G18*04	FALSE		1e-04
IMGT#1#IGLV3-13*01	8	19	IGLV_F8-G19*01	FALSE		1e-04
IMGT#1#IGLV3-13*02	8	19	IGLV_F8-G19*02	FALSE		1e-04
IMGT#1#IGLV3-22*01	8	20	IGLV_F8-G20*01	FALSE		1e-04
IMGT#1#IGLV3-22*03	8	20	IGLV_F8-G20*02	FALSE		1e-04
IMGT#1#IGLV3-27*01	9	21	IGLV_F9-G21*01	FALSE		1e-04
IMGT#1#IGLV3-10*02	9	22	IGLV_F9-G22*01	FALSE		1e-04
IMGT#1#IGLV3-10*01	9	22	IGLV_F9-G22*02	FALSE		1e-04
IMGT#1#IGLV3-10*03	9	22	IGLV_F9-G22*03	FALSE		1e-04
IMGT#1#IGLV3-16*01	9	23	IGLV_F9-G23*01	FALSE		1e-04
OGRDB#1#IGLV3-16*01_t145g_t146c	9	23	IGLV_F9-G23*02	FALSE		1e-04
IMGT#1#IGLV3-25*01	9	23	IGLV_F9-G23*03	FALSE		1e-04
OGRDB#1#IGLV3-25*03_g74c	9	23	IGLV_F9-G23*04	FALSE		1e-04
IMGT#1#IGLV3-25*02	9	23	IGLV_F9-G23*05	FALSE		1e-04
IMGT#1#IGLV3-25*03	9	23	IGLV_F9-G23*06	FALSE		1e-04
IMGT#1#IGLV7-43*01	10	24	IGLV_F10-G24*01	FALSE		1e-04
IMGT#1#IGLV7-46*05	10	25	IGLV_F10-G25*01	FALSE		1e-04
IMGT#1#IGLV7-46*04	10	25	IGLV_F10-G25*02	FALSE		1e-04
IMGT#1#IGLV7-46*01	10	25	IGLV_F10-G25*03	FALSE		1e-04
IMGT#1#IGLV7-46*02	10	25	IGLV_F10-G25*04	FALSE		1e-04
IMGT#1#IGLV8/OR8-1*02	11	26	IGLV_F11-G26*01	FALSE		1e-04
IMGT#1#IGLV8-61*03	11	27	IGLV_F11-G27*01	FALSE		1e-04
IMGT#1#IGLV8-61*01	11	27	IGLV_F11-G27*02	FALSE		1e-04
IMGT#1#IGLV8-61*02	11	27	IGLV_F11-G27*03	FALSE		1e-04
IMGT#1#IGLV10-54*03	12	28	IGLV_F12-G28*01	FALSE		1e-04
IMGT#1#IGLV10-54*02	12	28	IGLV_F12-G28*02	FALSE		1e-04
IMGT#1#IGLV10-54*05	12	28	IGLV_F12-G28*03	FALSE		1e-04
IMGT#1#IGLV10-54*06	12	28	IGLV_F12-G28*04	FALSE		1e-04
IMGT#1#IGLV10-54*01	12	28	IGLV_F12-G28*05	FALSE		1e-04
IMGT#1#IGLV10-54*04	12	28	IGLV_F12-G28*06	FALSE		1e-04
IMGT#1#IGLV6-57*04	13	29	IGLV_F13-G29*01	FALSE		1e-04
IMGT#1#IGLV6-57*02	13	29	IGLV_F13-G29*02	FALSE		1e-04
IMGT#1#IGLV6-57*01	13	29	IGLV_F13-G29*03	FALSE		1e-04
IMGT#1#IGLV6-57*03	13	29	IGLV_F13-G29*04	FALSE		1e-04
IMGT#1#IGLV2-33*03	14	30	IGLV_F14-G30*01	FALSE		1e-04
IMGT#1#IGLV2-33*01	14	30	IGLV_F14-G30*02	FALSE		1e-04
IMGT#1#IGLV2-33*02	14	30	IGLV_F14-G30*03	FALSE		1e-04
IMGT#1#IGLV2-34*01	14	31	IGLV_F14-G31*01	FALSE		1e-04
IMGT#1#IGLV2-34*02	14	31	IGLV_F14-G31*02	FALSE		1e-04
IMGT#1#IGLV2-5*01	14	32	IGLV_F14-G32*01	FALSE		1e-04
IMGT#1#IGLV2-5*02	14	32	IGLV_F14-G32*02	FALSE		1e-04
IMGT#1#IGLV2-14*02	14	33	IGLV_F14-G33*01	FALSE		1e-04
IMGT#1#IGLV2-23*02	14	33	IGLV_F14-G33*02	FALSE		1e-04
IMGT#1#IGLV2-23*01	14	33	IGLV_F14-G33*03	FALSE		1e-04
IMGT#1#IGLV2-23*03	14	33	IGLV_F14-G33*04	FALSE		1e-04
IMGT#1#IGLV2-23*04	14	34	IGLV_F14-G34*01	FALSE		1e-04
IMGT#1#IGLV2-14*05	14	34	IGLV_F14-G34*02	FALSE		1e-04
OGRDB#1#IGLV2-14*01_g168t_t198g_c337t	14	34	IGLV_F14-G34*03	FALSE		1e-04
IMGT#1#IGLV2-14*03	14	34	IGLV_F14-G34*04	FALSE		1e-04
IMGT#1#IGLV2-14*01	14	34	IGLV_F14-G34*05	FALSE		1e-04
IMGT#1#IGLV2-14*04	14	34	IGLV_F14-G34*06	FALSE		1e-04
OGRDB#1#IGLV2-14*04	14	34	IGLV_F14-G34*06	TRUE		1e-04
IMGT#1#IGLV2-18*04	14	35	IGLV_F14-G35*01	FALSE		1e-04
IMGT#1#IGLV2-18*03	14	35	IGLV_F14-G35*02	FALSE		1e-04
IMGT#1#IGLV2-18*01	14	35	IGLV_F14-G35*03	FALSE		1e-04
IMGT#1#IGLV2-18*02	14	35	IGLV_F14-G35*04	FALSE		1e-04
IMGT#1#IGLV2-11*03	14	36	IGLV_F14-G36*01	FALSE		1e-04
IMGT#1#IGLV2-11*01	14	36	IGLV_F14-G36*02	FALSE		1e-04
IMGT#1#IGLV2-11*02	14	36	IGLV_F14-G36*03	FALSE		1e-04
IMGT#1#IGLV2-8*03	14	36	IGLV_F14-G36*04	FALSE		1e-04
OGRDB#1#IGLV2-8*03	14	36	IGLV_F14-G36*04	TRUE		1e-04
IMGT#1#IGLV2-8*04	14	36	IGLV_F14-G36*05	FALSE		1e-04
IMGT#1#IGLV2-8*01	14	36	IGLV_F14-G36*06	FALSE		1e-04
IMGT#1#IGLV2-8*02	14	36	IGLV_F14-G36*07	FALSE		1e-04
IMGT#1#IGLV1-62*01	15	37	IGLV_F15-G37*01	FALSE		1e-04
IMGT#1#IGLV1-36*01	16	38	IGLV_F16-G38*01	FALSE		1e-04
OGRDB#1#IGLV1-36*01_c330g	16	38	IGLV_F16-G38*02	FALSE		1e-04
IMGT#1#IGLV1-47*03	16	39	IGLV_F16-G39*01	FALSE		1e-04
IMGT#1#IGLV1-47*01	16	39	IGLV_F16-G39*02	FALSE		1e-04
IMGT#1#IGLV1-47*02	16	39	IGLV_F16-G39*03	FALSE		1e-04
IMGT#1#IGLV1-44*04	16	39	IGLV_F16-G39*04	FALSE		1e-04
IMGT#1#IGLV1-44*03	16	39	IGLV_F16-G39*05	FALSE		1e-04
IMGT#1#IGLV1-44*01	16	39	IGLV_F16-G39*06	FALSE		1e-04
IMGT#1#IGLV1-44*02	16	39	IGLV_F16-G39*07	FALSE		1e-04
IMGT#1#IGLV1-50*01	16	40	IGLV_F16-G40*01	FALSE		1e-04
IMGT#1#IGLV1-40*01	16	41	IGLV_F16-G41*01	FALSE		1e-04
IMGT#1#IGLV1-40*02	16	41	IGLV_F16-G41*02	FALSE		1e-04
IMGT#1#IGLV1-40*03	16	41	IGLV_F16-G41*03	FALSE		1e-04
IMGT#1#IGLV1-41*01	16	42	IGLV_F16-G42*01	FALSE		1e-04
IMGT#1#IGLV1-41*02	16	42	IGLV_F16-G42*02	FALSE		1e-04
IMGT#1#IGLV1-51*01	16	43	IGLV_F16-G43*01	FALSE		1e-04
IMGT#1#IGLV1-51*02	16	43	IGLV_F16-G43*02	FALSE		1e-04
